ip,org,banner
185.18.205.122,Interhost Communication Solutions Ltd.,9.10.3-P4-Debian
185.228.168.4,Daniel Cid,CleanBrowsing v1.4a - dns-edge-usa-east-newyork
85.114.145.121,myLoc managed IT AG,none
185.228.168.71,Daniel Cid,CleanBrowsing v1.4a - dns-edge-usa-west-seattle
91.239.100.100,Thomas Steen Rasmussen,9.11.4-P2+dampening
78.129.191.222,Iomart Hosting Limited,9.10.3-P4-Debian
185.228.168.10,Daniel Cid,CleanBrowsing v1.4a - dns-edge-usa-west-seattle
92.42.143.100,Nessus GmbH,9.11.3-1ubuntu1.3-Ubuntu
160.16.73.77,SAKURA Internet,unbound 1.8.0
185.228.168.77,Daniel Cid,CleanBrowsing v1.4a - dns-edge-usa-east-newyork
31.13.188.85,M247 Ltd Madrid,PowerDNS Authoritative Server 4.1.4 (built Aug 29 2018 14:08:38 by root@7d1469b19fba)
31.204.150.121,Interactive 3D,9.10.3-P4-Debian
94.242.243.190,root SA,9.10.3-P4-Debian
81.169.154.56,Strato AG,If you like to know the version ask dnsversion@fantom.de pls
185.228.168.130,Daniel Cid,CleanBrowsing v1.4a - dns-edge-usa-west-seattle
193.30.122.186,netcup GmbH,unbound 1.8.3
185.228.169.250,Daniel Cid,CleanBrowsing v1.4a - dns-edge2-usa-east-ny
185.228.169.173,Daniel Cid,CleanBrowsing v1.4a - dns-edge2-usa-east-ny
185.228.168.43,Daniel Cid,CleanBrowsing v1.4a - dns-edge-usa-west-seattle
185.228.168.220,Daniel Cid,CleanBrowsing v1.4a - dns-edge-usa-west-seattle
185.228.169.28,Daniel Cid,CleanBrowsing v1.4a - dns-edge2-usa-east-ny
185.228.168.136,Daniel Cid,CleanBrowsing v1.4a - dns-edge-usa-west-seattle
23.94.243.109,YHSRV,9.10.3-P4-Debian
185.228.169.186,Daniel Cid,CleanBrowsing v1.4a - dns-edge2-usa-east-ny
75.64.134.252,Comcast Cable,dnsmasq-pi-hole-2.79
90.45.32.63,Orange,dnsmasq-pi-hole-2.79
185.228.169.116,Daniel Cid,CleanBrowsing v1.4a - dns-edge2-usa-east-ny
185.228.168.247,Daniel Cid,CleanBrowsing v1.4a - dns-edge-usa-east-newyork
216.98.99.106,IIJ America,unbound
185.228.169.167,Daniel Cid,CleanBrowsing v1.4a - dns-edge2-usa-east-ny
185.228.169.27,Daniel Cid,CleanBrowsing v1.4a - dns-edge2-usa-east-ny
213.179.58.78,IP Group,TLS OK
145.100.185.15,SURFnet,9.12.2-P1
192.3.134.141,ColoCrossing,dnsmasq-pi-hole-2.79
54.36.98.153,OVH SAS,Microsoft DNS 6.1.7601 (1DB15CD4)
185.174.168.47,FELDSAM s.r.o.,9.9.4-RedHat-9.9.4-61.el7
216.98.99.110,IIJ America,unbound
185.228.168.48,Daniel Cid,CleanBrowsing v1.4a - dns-edge-usa-east-newyork
185.228.169.156,Daniel Cid,CleanBrowsing v1.4a - dns-edge2-usa-east-ny
185.228.168.34,Daniel Cid,CleanBrowsing v1.4a - dns-edge-usa-east-newyork
185.134.196.54,Faelix Limited,PowerDNS Recursor 4.0.9 (built Nov  6 2018 17:03:40 by root@7957fdeb1062)
185.228.169.57,Daniel Cid,CleanBrowsing v1.4a - dns-edge2-usa-east-ny
185.228.168.194,Daniel Cid,CleanBrowsing v1.4a - dns-edge-usa-west-seattle
149.112.149.112,Quad9,Q9-P-5.1
136.243.20.183,Hetzner Online GmbH,9.10.3-P4-Debian
185.228.169.115,Daniel Cid,CleanBrowsing v1.4a - dns-edge2-usa-east-ny
185.228.168.112,Daniel Cid,CleanBrowsing v1.4a - dns-edge-usa-west-seattle
185.228.169.39,Daniel Cid,CleanBrowsing v1.4a - dns-edge2-usa-east-ny
147.125.80.31,International Institute for Applied Systems Analys,unknown
5.45.107.88,netcup GmbH,unbound 1.8.3
185.228.169.37,Daniel Cid,CleanBrowsing v1.4a - dns-edge2-usa-east-ny
80.255.7.98,Core-Backbone GmbH,9.10.3-P4-Debian
81.95.5.34,Core-Backbone GmbH,9.10.3-P4-Debian
185.228.168.72,Daniel Cid,CleanBrowsing v1.4a - dns-edge-usa-east-newyork
158.174.169.187,Bahnhof AB,9.11.3-1ubuntu1.3-Ubuntu
185.228.169.10,Daniel Cid,CleanBrowsing v1.4a - dns-edge2-usa-east-ny
185.228.168.133,Daniel Cid,CleanBrowsing v1.4a - dns-edge-usa-east-newyork
159.69.119.115,Hetzner Online GmbH,9.11.3-1ubuntu1.3-Ubuntu
185.228.168.165,Daniel Cid,CleanBrowsing v1.4a - dns-edge-usa-east-newyork
185.228.169.212,Daniel Cid,CleanBrowsing v1.4a - dns-edge2-usa-east-ny
185.228.168.3,Daniel Cid,CleanBrowsing v1.4a - dns-edge-usa-west-seattle
185.228.168.127,Daniel Cid,CleanBrowsing v1.4a - dns-edge-usa-west-seattle
82.102.26.43,M247 Ltd Rome Network,PowerDNS Authoritative Server 4.1.4 (built Aug 29 2018 14:08:38 by root@7d1469b19fba)
185.228.169.246,Daniel Cid,CleanBrowsing v1.4a - dns-edge2-usa-east-ny
185.228.168.11,Daniel Cid,CleanBrowsing v1.4a - dns-edge-usa-east-newyork
23.92.209.171,Centrilogic,dnsmasq-pi-hole-2.79
185.228.169.142,Daniel Cid,CleanBrowsing v1.4a - dns-edge2-usa-east-ny
185.228.169.109,Daniel Cid,CleanBrowsing v1.4a - dns-edge2-usa-east-ny
185.228.168.30,Daniel Cid,CleanBrowsing v1.4a - dns-edge-usa-west-seattle
203.180.146.23,Internet Initiative Japan,unbound
185.228.168.218,Daniel Cid,CleanBrowsing v1.4a - dns-edge-usa-east-newyork
185.228.169.69,Daniel Cid,CleanBrowsing v1.4a - dns-edge2-usa-east-ny
185.228.168.193,Daniel Cid,CleanBrowsing v1.4a - dns-edge-usa-west-seattle
193.148.18.187,M247 Ltd New York,PowerDNS Authoritative Server 4.1.4 (built Aug 29 2018 14:08:38 by root@7d1469b19fba)
194.68.170.51,Resilans AB,9.10.3-P4-Debian
185.228.168.161,Daniel Cid,CleanBrowsing v1.4a - dns-edge-usa-west-seattle
217.114.218.18,Keyweb AG,9.10.3-P4-Debian
185.228.168.139,Daniel Cid,CleanBrowsing v1.4a - dns-edge-usa-east-newyork
94.242.194.98,root SA,9.10.3-P4-Debian
82.199.134.174,Core-Backbone GmbH,9.10.3-P4-Debian
185.228.169.84,Daniel Cid,CleanBrowsing v1.4a - dns-edge2-usa-east-ny
185.228.168.159,Daniel Cid,CleanBrowsing v1.4a - dns-edge-usa-east-newyork
88.67.77.11,Vodafone DSL,dnsmasq-pi-hole-2.79
66.42.50.44,"Choopa, LLC",PowerDNS Authoritative Server 4.1.3 (built May 24 2018 12:54:13 by root@cebf8df1a8ce)
185.228.168.98,Daniel Cid,CleanBrowsing v1.4a - dns-edge-usa-east-newyork
185.228.168.244,Daniel Cid,CleanBrowsing v1.4a - dns-edge-usa-west-seattle
95.179.130.14,"Choopa, LLC",CleanBrowsing v1.4a - dns-edge-europe-amsterdam
185.228.168.183,Daniel Cid,CleanBrowsing v1.4a - dns-edge-usa-west-seattle
185.228.169.72,Daniel Cid,CleanBrowsing v1.4a - dns-edge2-usa-east-ny
185.228.168.225,Daniel Cid,CleanBrowsing v1.4a - dns-edge-usa-west-seattle
27.91.126.188,au one net,unbound 1.8.1
185.228.169.6,Daniel Cid,CleanBrowsing v1.4a - dns-edge2-usa-east-ny
103.254.153.202,Leaseweb Asia,9.10.3-P4-Debian
104.248.180.65,Digital Ocean,unbound 1.8.1
144.202.86.201,"Choopa, LLC",CleanBrowsing v1.4a - dns-edge-usa-west-seattle
210.138.123.77,Internet Initiative Japan,unbound
185.228.168.32,Daniel Cid,CleanBrowsing v1.4a - dns-edge-usa-west-seattle
185.228.168.236,Daniel Cid,CleanBrowsing v1.4a - dns-edge-usa-west-seattle
185.228.169.129,Daniel Cid,CleanBrowsing v1.4a - dns-edge2-usa-east-ny
185.228.168.189,Daniel Cid,CleanBrowsing v1.4a - dns-edge-usa-east-newyork
185.228.168.167,Daniel Cid,CleanBrowsing v1.4a - dns-edge-usa-west-seattle
185.228.169.234,Daniel Cid,CleanBrowsing v1.4a - dns-edge2-usa-east-ny
185.228.169.218,Daniel Cid,CleanBrowsing v1.4a - dns-edge2-usa-east-ny
185.228.169.8,Daniel Cid,CleanBrowsing v1.4a - dns-edge2-usa-east-ny
185.228.168.228,Daniel Cid,CleanBrowsing v1.4a - dns-edge-usa-west-seattle
185.228.169.107,Daniel Cid,CleanBrowsing v1.4a - dns-edge2-usa-east-ny
191.96.70.56,Digital Energy Technologies Limited,CleanBrowsing v1.4a - dns-edge-southamerica-brazil-sp
185.228.169.131,Daniel Cid,CleanBrowsing v1.4a - dns-edge2-usa-east-ny
185.228.169.33,Daniel Cid,CleanBrowsing v1.4a - dns-edge2-usa-east-ny
193.9.113.19,M247 LTD London Infrastructure,PowerDNS Authoritative Server 4.1.4 (built Aug 29 2018 14:08:38 by root@7d1469b19fba)
185.228.169.26,Daniel Cid,CleanBrowsing v1.4a - dns-edge2-usa-east-ny
94.130.30.122,Hetzner Online GmbH,unbound 1.6.9
94.242.243.162,root SA,9.10.3-P4-Debian
185.228.168.233,Daniel Cid,CleanBrowsing v1.4a - dns-edge-usa-west-seattle
185.228.169.67,Daniel Cid,CleanBrowsing v1.4a - dns-edge2-usa-east-ny
185.228.168.85,Daniel Cid,CleanBrowsing v1.4a - dns-edge-usa-west-seattle
185.228.168.134,Daniel Cid,CleanBrowsing v1.4a - dns-edge-usa-east-newyork
185.228.168.14,Daniel Cid,CleanBrowsing v1.4a - dns-edge-usa-east-newyork
185.228.168.240,Daniel Cid,CleanBrowsing v1.4a - dns-edge-usa-east-newyork
185.228.168.44,Daniel Cid,CleanBrowsing v1.4a - dns-edge-usa-west-seattle
185.228.169.45,Daniel Cid,CleanBrowsing v1.4a - dns-edge2-usa-east-ny
141.84.9.217,Leibniz-Rechenzentrum (LRZ),9.10.3-P4-Debian
185.228.168.101,Daniel Cid,CleanBrowsing v1.4a - dns-edge-usa-east-newyork
185.228.168.84,Daniel Cid,CleanBrowsing v1.4a - dns-edge-usa-east-newyork
185.228.168.221,Daniel Cid,CleanBrowsing v1.4a - dns-edge-usa-west-seattle
185.228.168.99,Daniel Cid,CleanBrowsing v1.4a - dns-edge-usa-west-seattle
185.228.169.181,Daniel Cid,CleanBrowsing v1.4a - dns-edge2-usa-east-ny
185.228.169.159,Daniel Cid,CleanBrowsing v1.4a - dns-edge2-usa-east-ny
213.183.63.23,Melbikomas UAB,CleanBrowsing v1.4a - dns-edge-europe-bulgaria-sofia
149.202.77.77,OVH SAS,9.10.3-P4-Debian
185.228.168.131,Daniel Cid,CleanBrowsing v1.4a - dns-edge-usa-west-seattle
89.233.43.71,Telia Company,9.11.5+dampening
159.69.213.54,Hetzner Online GmbH,PowerDNS Recursor 4.1.8 (built Nov 26 2018 14:00:19 by buildbot@73da2fe09a4f)
185.228.168.155,Daniel Cid,CleanBrowsing v1.4a - dns-edge-usa-east-newyork
185.228.168.209,Daniel Cid,CleanBrowsing v1.4a - dns-edge-usa-west-seattle
137.117.216.45,Microsoft Azure,dnsmasq-pi-hole-2.79
185.228.169.215,Daniel Cid,CleanBrowsing v1.4a - dns-edge2-usa-east-ny
38.132.118.78,Cogent Communications,9.10.3-P4-Debian
203.180.146.26,Internet Initiative Japan,unbound
195.154.243.243,Iliad-Entreprises,9.12.2-P2
185.228.168.79,Daniel Cid,CleanBrowsing v1.4a - dns-edge-usa-west-seattle
185.228.169.22,Daniel Cid,CleanBrowsing v1.4a - dns-edge2-usa-east-ny
185.228.169.233,Daniel Cid,CleanBrowsing v1.4a - dns-edge2-usa-east-ny
185.228.168.226,Daniel Cid,CleanBrowsing v1.4a - dns-edge-usa-east-newyork
185.228.169.253,Daniel Cid,CleanBrowsing v1.4a - dns-edge2-usa-east-ny
185.228.169.18,Daniel Cid,CleanBrowsing v1.4a - dns-edge2-usa-east-ny
185.228.168.118,Daniel Cid,CleanBrowsing v1.4a - dns-edge-usa-east-newyork
185.228.169.160,Daniel Cid,CleanBrowsing v1.4a - dns-edge2-usa-east-ny
185.162.249.29,netcup GmbH,PowerDNS Authoritative Server 4.1.1
185.69.161.122,conova communications GmbH,9.12.1-P2
54.215.145.134,Amazon.com,dnsmasq-pi-hole-2.79
185.228.168.96,Daniel Cid,CleanBrowsing v1.4a - dns-edge-usa-west-seattle
45.77.247.223,"Choopa, LLC",CleanBrowsing v1.4a - dns-edge-asia-singapore
82.232.18.179,Free SAS,9.10.3-P4-Raspbian
193.170.194.35,ACONET,9.9.4-RedHat-9.9.4-72.el7
185.228.168.254,Daniel Cid,CleanBrowsing v1.4a - dns-edge-usa-west-seattle
94.130.183.18,Hetzner Online GmbH,IDK
185.228.169.210,Daniel Cid,CleanBrowsing v1.4a - dns-edge2-usa-east-ny
80.255.7.94,Core-Backbone GmbH,9.10.3-P4-Debian
185.228.168.208,Daniel Cid,CleanBrowsing v1.4a - dns-edge-usa-east-newyork
185.228.168.149,Daniel Cid,CleanBrowsing v1.4a - dns-edge-usa-west-seattle
185.228.168.15,Daniel Cid,CleanBrowsing v1.4a - dns-edge-usa-west-seattle
172.245.135.102,ColoCrossing,dnsmasq-pi-hole-2.79
199.247.11.160,Vultr Holdings LLC Paris,CleanBrowsing v1.4a - dns-edge-europe-paris
31.204.152.102,Interactive 3D,9.10.3-P4-Debian
185.65.205.22,CityNet Telekom Ltd.,9.10.3-P4-Debian
185.228.169.35,Daniel Cid,CleanBrowsing v1.4a - dns-edge2-usa-east-ny
185.228.169.83,Daniel Cid,CleanBrowsing v1.4a - dns-edge2-usa-east-ny
185.228.168.145,Daniel Cid,CleanBrowsing v1.4a - dns-edge-usa-west-seattle
185.217.1.2,Icme Limited,9.10.3-P4-Debian
185.228.169.174,Daniel Cid,CleanBrowsing v1.4a - dns-edge2-usa-east-ny
80.255.10.206,Core-Backbone GmbH,9.10.3-P4-Debian
185.228.168.135,Daniel Cid,CleanBrowsing v1.4a - dns-edge-usa-east-newyork
203.180.146.30,Internet Initiative Japan,unbound
196.251.250.197,Host1Plus Cloudstack services,CleanBrowsing v1.4a - dns-edge-africa-south-africa
185.228.169.179,Daniel Cid,CleanBrowsing v1.4a - dns-edge2-usa-east-ny
35.243.170.151,Google Cloud,dnsmasq-pi-hole-2.79
83.241.149.252,DGC Access AB,9.11.3-1ubuntu1.3-Ubuntu
185.57.82.25,Cyber Smart Solutions S.R.L,9.10.3-P4-Debian
185.228.168.177,Daniel Cid,CleanBrowsing v1.4a - dns-edge-usa-west-seattle
185.228.168.105,Daniel Cid,CleanBrowsing v1.4a - dns-edge-usa-west-seattle
185.228.169.108,Daniel Cid,CleanBrowsing v1.4a - dns-edge2-usa-east-ny
185.228.168.126,Daniel Cid,CleanBrowsing v1.4a - dns-edge-usa-east-newyork
185.228.169.88,Daniel Cid,CleanBrowsing v1.4a - dns-edge2-usa-east-ny
185.228.168.88,Daniel Cid,CleanBrowsing v1.4a - dns-edge-usa-west-seattle
185.228.168.144,Daniel Cid,CleanBrowsing v1.4a - dns-edge-usa-west-seattle
212.71.250.72,Linode,9.11.4-P2-RedHat-9.11.4-10.P2.fc29
185.41.240.18,Blix Group As,9.10.3-P4-Debian
104.196.240.82,Google Cloud,dnsmasq-pi-hole-2.79
185.228.168.179,Daniel Cid,CleanBrowsing v1.4a - dns-edge-usa-west-seattle
88.174.170.196,Free SAS,Knot DNS 2.7.5
185.228.168.192,Daniel Cid,CleanBrowsing v1.4a - dns-edge-usa-west-seattle
185.228.169.78,Daniel Cid,CleanBrowsing v1.4a - dns-edge2-usa-east-ny
203.216.70.115,Rakuten Communications K.K.,PowerDNS Recursor 4.1.4 (built Oct  3 2018 23:28:47 by root@112amd64-quarterly-job-13)
185.228.169.29,Daniel Cid,CleanBrowsing v1.4a - dns-edge2-usa-east-ny
217.114.218.30,Keyweb AG,9.10.3-P4-Debian
185.228.169.151,Daniel Cid,CleanBrowsing v1.4a - dns-edge2-usa-east-ny
185.228.168.41,Daniel Cid,CleanBrowsing v1.4a - dns-edge-usa-west-seattle
185.228.168.33,Daniel Cid,CleanBrowsing v1.4a - dns-edge-usa-west-seattle
37.59.164.111,OneProvider,9.10.3-P4-Debian
85.159.213.113,Linode,9.10.3-P4-Debian
185.228.168.109,Daniel Cid,CleanBrowsing v1.4a - dns-edge-usa-west-seattle
185.228.169.38,Daniel Cid,CleanBrowsing v1.4a - dns-edge2-usa-east-ny
147.75.100.9,Packet Host,CleanBrowsing v1.4a - dns-edge-europe-amsterdam2.cleanbrowsing.org
185.228.169.34,Daniel Cid,CleanBrowsing v1.4a - dns-edge2-usa-east-ny
185.228.168.78,Daniel Cid,CleanBrowsing v1.4a - dns-edge-usa-west-seattle
185.228.169.43,Daniel Cid,CleanBrowsing v1.4a - dns-edge2-usa-east-ny
185.228.169.128,Daniel Cid,CleanBrowsing v1.4a - dns-edge2-usa-east-ny
185.17.184.3,LeaseWeb Netherlands B.V.,9.10.3-P4-Debian
185.228.169.118,Daniel Cid,CleanBrowsing v1.4a - dns-edge2-usa-east-ny
185.228.168.181,Daniel Cid,CleanBrowsing v1.4a - dns-edge-usa-west-seattle
185.228.168.87,Daniel Cid,CleanBrowsing v1.4a - dns-edge-usa-west-seattle
209.58.162.197,LeaseWeb Asia Pacific - Singapore,9.10.3-P4-Debian
193.170.194.22,ACONET,get lost named
62.108.36.141,comtrance GmbH,A simple DNS
185.228.169.48,Daniel Cid,CleanBrowsing v1.4a - dns-edge2-usa-east-ny
185.228.169.216,Daniel Cid,CleanBrowsing v1.4a - dns-edge2-usa-east-ny
185.228.169.19,Daniel Cid,CleanBrowsing v1.4a - dns-edge2-usa-east-ny
185.228.169.81,Daniel Cid,CleanBrowsing v1.4a - dns-edge2-usa-east-ny
185.228.169.161,Daniel Cid,CleanBrowsing v1.4a - dns-edge2-usa-east-ny
185.228.169.143,Daniel Cid,CleanBrowsing v1.4a - dns-edge2-usa-east-ny
93.191.14.86,LLC trc Fiord,9.13.5
88.198.118.205,Hetzner Online GmbH,PowerDNS Authoritative Server 4.1.5 (built Nov  6 2018 17:19:04 by root@940b18c2fb29)
185.228.169.53,Daniel Cid,CleanBrowsing v1.4a - dns-edge2-usa-east-ny
185.228.169.101,Daniel Cid,CleanBrowsing v1.4a - dns-edge2-usa-east-ny
185.228.169.41,Daniel Cid,CleanBrowsing v1.4a - dns-edge2-usa-east-ny
129.187.5.1,Leibniz-Rechenzentrum,9.10.3-P4-Debian
35.195.144.189,Google Cloud,DNSWall-0.0.1
23.253.57.221,Rackspace Hosting,9.12.2-P2
173.255.241.235,Linode,DNS
203.180.146.24,Internet Initiative Japan,unbound
185.228.169.171,Daniel Cid,CleanBrowsing v1.4a - dns-edge2-usa-east-ny
203.180.146.214,Internet Initiative Japan,unbound
185.228.169.32,Daniel Cid,CleanBrowsing v1.4a - dns-edge2-usa-east-ny
185.228.169.50,Daniel Cid,CleanBrowsing v1.4a - dns-edge2-usa-east-ny
203.180.146.213,Internet Initiative Japan,unbound
194.109.153.234,Xs4all Internet BV,9.10.3-P4-Ubuntu
185.228.169.94,Daniel Cid,CleanBrowsing v1.4a - dns-edge2-usa-east-ny
185.228.168.53,Daniel Cid,CleanBrowsing v1.4a - dns-edge-usa-west-seattle
185.228.168.36,Daniel Cid,CleanBrowsing v1.4a - dns-edge-usa-west-seattle
185.228.169.239,Daniel Cid,CleanBrowsing v1.4a - dns-edge2-usa-east-ny
185.228.169.2,Daniel Cid,CleanBrowsing v1.4a - dns-edge2-usa-east-ny
91.56.86.94,Deutsche Telekom AG,9.12.3-P1
167.88.7.164,Nexeon Technologies,9.10.3-P4-Debian
164.132.92.80,OVH SAS,9.11.5-P1-1~bpo9+1-Debian
37.48.94.55,LeaseWeb Netherlands B.V.,9.10.3-P4-Debian
185.228.168.152,Daniel Cid,CleanBrowsing v1.4a - dns-edge-usa-west-seattle
185.228.168.168,Daniel Cid,CleanBrowsing v1.4a - dns-edge-usa-west-seattle
185.228.168.18,Daniel Cid,CleanBrowsing v1.4a - dns-edge-usa-west-seattle
142.54.165.26,"DataShack, LC",CleanBrowsing v1.4a - dns-edge-usa-central-kansas
185.228.169.223,Daniel Cid,CleanBrowsing v1.4a - dns-edge2-usa-east-ny
130.226.161.34,Danmarks Tekniske Universitet,9.11.4-P2+dampening
185.228.168.186,Daniel Cid,CleanBrowsing v1.4a - dns-edge-usa-west-seattle
185.228.169.23,Daniel Cid,CleanBrowsing v1.4a - dns-edge2-usa-east-ny
35.241.123.61,Google Cloud,unbound 1.7.3
95.211.95.232,LeaseWeb Netherlands B.V.,9.10.3-P4-Debian
203.180.146.25,Internet Initiative Japan,unbound
198.180.150.12,"RGnet, LLC",9.11.4-P2+dampening
185.228.168.235,Daniel Cid,CleanBrowsing v1.4a - dns-edge-usa-west-seattle
185.228.169.25,Daniel Cid,CleanBrowsing v1.4a - dns-edge2-usa-east-ny
185.228.168.42,Daniel Cid,CleanBrowsing v1.4a - dns-edge-usa-west-seattle
185.228.168.138,Daniel Cid,CleanBrowsing v1.4a - dns-edge-usa-west-seattle
185.228.169.75,Daniel Cid,CleanBrowsing v1.4a - dns-edge2-usa-east-ny
185.228.168.166,Daniel Cid,CleanBrowsing v1.4a - dns-edge-usa-east-newyork
185.228.169.87,Daniel Cid,CleanBrowsing v1.4a - dns-edge2-usa-east-ny
185.228.168.175,Daniel Cid,CleanBrowsing v1.4a - dns-edge-usa-west-seattle
207.148.19.162,"Choopa, LLC",CleanBrowsing v1.4a - dns-edge2-usa-east-ny
203.216.0.115,Rakuten Communications K.K.,PowerDNS Recursor 4.1.4 (built Oct  3 2018 23:28:47 by root@112amd64-quarterly-job-13)
78.46.21.16,Hetzner Online GmbH,graz4u Nameserver 2015
185.228.169.178,Daniel Cid,CleanBrowsing v1.4a - dns-edge2-usa-east-ny
185.228.169.228,Daniel Cid,CleanBrowsing v1.4a - dns-edge2-usa-east-ny
185.228.168.252,Daniel Cid,CleanBrowsing v1.4a - dns-edge-usa-west-seattle
88.198.11.20,Hetzner Online AG,unknown
185.228.169.125,Daniel Cid,CleanBrowsing v1.4a - dns-edge2-usa-east-ny
45.77.231.112,"Choopa, LLC",CleanBrowsing v1.4a - dns-edge-europe-london
5.187.21.98,ServerSpace Limited,9.10.3-P4-Debian
185.228.168.97,Daniel Cid,CleanBrowsing v1.4a - dns-edge-usa-west-seattle
37.187.163.66,OVH SAS,9.10.3-P4-Debian
107.189.37.30,Yomura Corporation,dnsmasq-2.75
18.235.197.122,Amazon.com,dnsmasq-pi-hole-2.79
203.180.146.31,Internet Initiative Japan,unbound
185.228.168.210,Daniel Cid,CleanBrowsing v1.4a - dns-edge-usa-east-newyork
172.104.208.59,Linode,9.11.3-1ubuntu1.1-Ubuntu
185.228.169.241,Daniel Cid,CleanBrowsing v1.4a - dns-edge2-usa-east-ny
80.67.188.188,Association Gitoyen,42
89.105.33.114,IP Group AS,TLS OK
209.58.188.129,LeaseWeb Asia Pacific - Hong Kong,9.10.3-P4-Debian
104.196.109.96,Google Cloud,Q9-U-5.1
210.128.97.85,Internet Initiative Japan,unbound
185.228.169.225,Daniel Cid,CleanBrowsing v1.4a - dns-edge2-usa-east-ny
31.204.145.173,i3D.net B.V. IP space,9.10.3-P4-Debian
185.38.24.52,Kracon ApS,9.11.4-P2+dampening
185.228.169.138,Daniel Cid,CleanBrowsing v1.4a - dns-edge2-usa-east-ny
167.114.209.103,OVH Hosting,9.10.3-P4-Debian
185.134.197.54,Faelix Limited,PowerDNS Recursor 4.0.9 (built Nov  6 2018 17:03:40 by root@7957fdeb1062)
185.228.169.242,Daniel Cid,CleanBrowsing v1.4a - dns-edge2-usa-east-ny
185.228.168.146,Daniel Cid,CleanBrowsing v1.4a - dns-edge-usa-east-newyork
185.228.169.76,Daniel Cid,CleanBrowsing v1.4a - dns-edge2-usa-east-ny
46.227.200.54,Faelix Limited,PowerDNS Recursor 4.0.9 (built Nov  6 2018 17:03:40 by root@7957fdeb1062)
185.228.168.61,Daniel Cid,CleanBrowsing v1.4a - dns-edge-usa-west-seattle
185.228.168.203,Daniel Cid,CleanBrowsing v1.4a - dns-edge-usa-east-newyork
81.4.125.89,RouteLabel V.O.F.,PowerDNS Authoritative Server 4.1.4 (built Nov  7 2018 11:18:24 by nobody@11amd64-default-mdb101-job-02)
82.199.130.46,Core-Backbone GmbH,9.10.3-P4-Debian
185.228.169.122,Daniel Cid,CleanBrowsing v1.4a - dns-edge2-usa-east-ny
185.228.168.81,Daniel Cid,CleanBrowsing v1.4a - dns-edge-usa-west-seattle
185.228.168.90,Daniel Cid,CleanBrowsing v1.4a - dns-edge-usa-east-newyork
134.76.88.98,GWDG,9.9.4-RedHat-9.9.4-61.el7_5.1
82.199.134.162,Core-Backbone GmbH,9.10.3-P4-Debian
185.228.169.177,Daniel Cid,CleanBrowsing v1.4a - dns-edge2-usa-east-ny
185.228.169.4,Daniel Cid,CleanBrowsing v1.4a - dns-edge2-usa-east-ny
185.228.168.60,Daniel Cid,CleanBrowsing v1.4a - dns-edge-usa-east-newyork
176.10.116.176,Datasource AG,9.10.3-P4-Debian
185.228.168.160,Daniel Cid,CleanBrowsing v1.4a - dns-edge-usa-east-newyork
185.228.168.47,Daniel Cid,CleanBrowsing v1.4a - dns-edge-usa-east-newyork
130.180.200.36,ServerSpace Limited,9.10.3-P4-Debian
185.228.168.22,Daniel Cid,CleanBrowsing v1.4a - dns-edge-usa-west-seattle
185.228.169.74,Daniel Cid,CleanBrowsing v1.4a - dns-edge2-usa-east-ny
185.228.168.242,Daniel Cid,CleanBrowsing v1.4a - dns-edge-usa-west-seattle
185.228.168.17,Daniel Cid,CleanBrowsing v1.4a - dns-edge-usa-west-seattle
185.228.168.184,Daniel Cid,CleanBrowsing v1.4a - dns-edge-usa-east-newyork
185.217.1.14,Icme Limited,9.10.3-P4-Debian
31.204.150.138,Interactive 3D,9.10.3-P4-Debian
185.228.169.44,Daniel Cid,CleanBrowsing v1.4a - dns-edge2-usa-east-ny
185.228.168.75,Daniel Cid,CleanBrowsing v1.4a - dns-edge-usa-west-seattle
185.228.168.204,Daniel Cid,CleanBrowsing v1.4a - dns-edge-usa-west-seattle
138.128.136.164,i3D.net B.V. IP space,9.10.3-P4-Debian
185.228.169.124,Daniel Cid,CleanBrowsing v1.4a - dns-edge2-usa-east-ny
185.228.168.229,Daniel Cid,CleanBrowsing v1.4a - dns-edge-usa-east-newyork
77.55.126.10,Anycast based services,PowerDNS Authoritative Server 4.1.4 (built Aug 29 2018 14:08:38 by root@7d1469b19fba)
185.193.84.193,"Freenet Liberec, z.s.",BIND
64.156.14.138,"Choopa, LLC",CleanBrowsing v1.4a - dns-edge-usa-west-la
185.228.168.1,Daniel Cid,CleanBrowsing v1.4a - dns-edge-usa-west-seattle
204.194.23.68,Deteque LLC,9.10.3-P4-Ubuntu
31.204.153.87,Interactive 3D,9.10.3-P4-Debian
195.182.0.150,PAT Myronivsky Hliboproduct,9.9.5-9+deb8u16-Debian
216.189.157.51,HostUS,CleanBrowsing v1.4a - dns-edge-usa-east-washingtondc
185.228.168.176,Daniel Cid,CleanBrowsing v1.4a - dns-edge-usa-east-newyork
185.228.169.219,Daniel Cid,CleanBrowsing v1.4a - dns-edge2-usa-east-ny
185.228.168.185,Daniel Cid,CleanBrowsing v1.4a - dns-edge-usa-east-newyork
185.228.169.214,Daniel Cid,CleanBrowsing v1.4a - dns-edge2-usa-east-ny
31.204.145.166,i3D.net B.V. IP space,9.10.3-P4-Debian
185.228.169.211,Daniel Cid,CleanBrowsing v1.4a - dns-edge2-usa-east-ny
185.228.169.183,Daniel Cid,CleanBrowsing v1.4a - dns-edge2-usa-east-ny
185.228.169.145,Daniel Cid,CleanBrowsing v1.4a - dns-edge2-usa-east-ny
185.228.169.248,Daniel Cid,CleanBrowsing v1.4a - dns-edge2-usa-east-ny
185.228.168.51,Daniel Cid,CleanBrowsing v1.4a - dns-edge-usa-east-newyork
45.33.17.13,"Linode, LLC",dnsmasq-pi-hole-2.79
185.228.168.143,Daniel Cid,CleanBrowsing v1.4a - dns-edge-usa-west-seattle
185.228.168.170,Daniel Cid,CleanBrowsing v1.4a - dns-edge-usa-west-seattle
185.228.169.208,Daniel Cid,CleanBrowsing v1.4a - dns-edge2-usa-east-ny
185.228.169.59,Daniel Cid,CleanBrowsing v1.4a - dns-edge2-usa-east-ny
185.228.169.135,Daniel Cid,CleanBrowsing v1.4a - dns-edge2-usa-east-ny
185.228.169.42,Daniel Cid,CleanBrowsing v1.4a - dns-edge2-usa-east-ny
91.191.170.4,Netdirekt A.S.,cloudflare-f-root-20171003
185.228.168.248,Daniel Cid,CleanBrowsing v1.4a - dns-edge-usa-west-seattle
210.128.97.91,Internet Initiative Japan,unbound
185.228.169.224,Daniel Cid,CleanBrowsing v1.4a - dns-edge2-usa-east-ny
185.228.169.150,Daniel Cid,CleanBrowsing v1.4a - dns-edge2-usa-east-ny
185.228.169.251,Daniel Cid,CleanBrowsing v1.4a - dns-edge2-usa-east-ny
185.228.168.163,Daniel Cid,CleanBrowsing v1.4a - dns-edge-usa-west-seattle
103.77.232.202,Intergrid Group Pty,PowerDNS Authoritative Server 4.1.4 (built Aug 29 2018 14:08:38 by root@7d1469b19fba)
185.228.168.119,Daniel Cid,CleanBrowsing v1.4a - dns-edge-usa-west-seattle
185.228.168.234,Daniel Cid,CleanBrowsing v1.4a - dns-edge-usa-west-seattle
185.228.169.176,Daniel Cid,CleanBrowsing v1.4a - dns-edge2-usa-east-ny
185.228.169.175,Daniel Cid,CleanBrowsing v1.4a - dns-edge2-usa-east-ny
185.228.169.120,Daniel Cid,CleanBrowsing v1.4a - dns-edge2-usa-east-ny
185.228.168.223,Daniel Cid,CleanBrowsing v1.4a - dns-edge-usa-west-seattle
185.228.169.105,Daniel Cid,CleanBrowsing v1.4a - dns-edge2-usa-east-ny
67.205.93.244,iWeb Technologies,ITVERX uses BIND 9
185.228.168.140,Daniel Cid,CleanBrowsing v1.4a - dns-edge-usa-west-seattle
185.228.168.202,Daniel Cid,CleanBrowsing v1.4a - dns-edge-usa-west-seattle
185.228.168.103,Daniel Cid,CleanBrowsing v1.4a - dns-edge-usa-east-newyork
185.228.168.212,Daniel Cid,CleanBrowsing v1.4a - dns-edge-usa-east-newyork
92.43.104.78,Core-Backbone GmbH,9.10.3-P4-Debian
185.228.169.193,Daniel Cid,CleanBrowsing v1.4a - dns-edge2-usa-east-ny
31.204.152.232,Interactive 3D,9.10.3-P4-Debian
147.125.81.159,International Institute for Applied Systems Analys,unknown
185.228.169.66,Daniel Cid,CleanBrowsing v1.4a - dns-edge2-usa-east-ny
185.162.250.169,netcup GmbH,PowerDNS Authoritative Server 4.1.1
88.198.90.173,Hetzner Online GmbH,who cares ;-)
210.138.123.109,Internet Initiative Japan,unbound
185.228.169.204,Daniel Cid,CleanBrowsing v1.4a - dns-edge2-usa-east-ny
185.228.169.147,Daniel Cid,CleanBrowsing v1.4a - dns-edge2-usa-east-ny
185.228.169.153,Daniel Cid,CleanBrowsing v1.4a - dns-edge2-usa-east-ny
185.228.169.149,Daniel Cid,CleanBrowsing v1.4a - dns-edge2-usa-east-ny
185.228.169.226,Daniel Cid,CleanBrowsing v1.4a - dns-edge2-usa-east-ny
144.76.225.180,Hetzner Online GmbH,graz4u Nameserver 2015
185.228.168.37,Daniel Cid,CleanBrowsing v1.4a - dns-edge-usa-west-seattle
185.228.168.232,Daniel Cid,CleanBrowsing v1.4a - dns-edge-usa-east-newyork
185.228.169.82,Daniel Cid,CleanBrowsing v1.4a - dns-edge2-usa-east-ny
46.183.217.244,DataClub S.A.,9.10.3-P4-Debian
185.228.168.239,Daniel Cid,CleanBrowsing v1.4a - dns-edge-usa-east-newyork
4.31.134.133,Level 3 Communications,9.11.4-P2-RedHat-9.11.4-10.P2.fc29
31.204.152.189,Interactive 3D,9.10.3-P4-Debian
185.228.169.169,Daniel Cid,CleanBrowsing v1.4a - dns-edge2-usa-east-ny
185.228.168.9,Daniel Cid,CleanBrowsing v1.4a - dns-edge-usa-east-newyork
185.228.169.80,Daniel Cid,CleanBrowsing v1.4a - dns-edge2-usa-east-ny
185.228.169.202,Daniel Cid,CleanBrowsing v1.4a - dns-edge2-usa-east-ny
103.209.180.29,PrimeCrown Technologies Private Limited,CleanBrowsing v1.4a - dns-edge-asia-india-mumbai
210.138.123.76,Internet Initiative Japan,unbound
185.228.168.158,Daniel Cid,CleanBrowsing v1.4a - dns-edge-usa-west-seattle
185.228.168.26,Daniel Cid,CleanBrowsing v1.4a - dns-edge-usa-west-seattle
185.228.169.71,Daniel Cid,CleanBrowsing v1.4a - dns-edge2-usa-east-ny
185.228.169.166,Daniel Cid,CleanBrowsing v1.4a - dns-edge2-usa-east-ny
185.228.168.173,Daniel Cid,CleanBrowsing v1.4a - dns-edge-usa-west-seattle
185.228.168.156,Daniel Cid,CleanBrowsing v1.4a - dns-edge-usa-west-seattle
185.228.169.86,Daniel Cid,CleanBrowsing v1.4a - dns-edge2-usa-east-ny
94.242.194.102,root SA,9.10.3-P4-Debian
185.228.169.52,Daniel Cid,CleanBrowsing v1.4a - dns-edge2-usa-east-ny
185.228.169.13,Daniel Cid,CleanBrowsing v1.4a - dns-edge2-usa-east-ny
137.186.194.228,Telus Communications,dnsmasq-pi-hole-2.79
72.14.177.231,Linode,9.10.3-P4-Debian
80.221.159.112,TeliaSonera Finland Oyj,dnsmasq-pi-hole-2.79
91.191.170.21,Netdirekt A.S.,cloudflare-f-root-20171003
164.132.237.140,OVH SAS,9.11.5-P1-1~bpo9+1-Debian
185.228.169.113,Daniel Cid,CleanBrowsing v1.4a - dns-edge2-usa-east-ny
185.228.169.20,Daniel Cid,CleanBrowsing v1.4a - dns-edge2-usa-east-ny
185.228.169.191,Daniel Cid,CleanBrowsing v1.4a - dns-edge2-usa-east-ny
51.158.73.253,ONLINE SAS,unbound 1.6.7
185.228.169.194,Daniel Cid,CleanBrowsing v1.4a - dns-edge2-usa-east-ny
185.228.169.238,Daniel Cid,CleanBrowsing v1.4a - dns-edge2-usa-east-ny
80.255.10.194,Core-Backbone GmbH,9.10.3-P4-Debian
185.228.169.201,Daniel Cid,CleanBrowsing v1.4a - dns-edge2-usa-east-ny
185.228.168.128,Daniel Cid,CleanBrowsing v1.4a - dns-edge-usa-west-seattle
192.162.100.240,NTX,9.10.3-P4-Debian
185.228.169.0,Daniel Cid,CleanBrowsing v1.4a - dns-edge2-usa-east-ny
147.75.94.141,Packet Host,CleanBrowsing v1.4a - dns-edge-asia-tokyo2.cleanbrowsing.org
185.228.169.152,Daniel Cid,CleanBrowsing v1.4a - dns-edge2-usa-east-ny
188.166.69.227,DigitalOcean,c-root
185.228.168.13,Daniel Cid,CleanBrowsing v1.4a - dns-edge-usa-east-newyork
185.228.168.50,Daniel Cid,CleanBrowsing v1.4a - dns-edge-usa-east-newyork
185.228.169.230,Daniel Cid,CleanBrowsing v1.4a - dns-edge2-usa-east-ny
185.228.168.180,Daniel Cid,CleanBrowsing v1.4a - dns-edge-usa-east-newyork
185.228.169.62,Daniel Cid,CleanBrowsing v1.4a - dns-edge2-usa-east-ny
46.227.201.54,Faelix Limited,PowerDNS Recursor 4.0.9 (built Nov  6 2018 17:03:40 by root@7957fdeb1062)
185.228.169.99,Daniel Cid,CleanBrowsing v1.4a - dns-edge2-usa-east-ny
38.132.118.66,Cogent Communications,9.10.3-P4-Debian
185.228.169.51,Daniel Cid,CleanBrowsing v1.4a - dns-edge2-usa-east-ny
185.228.168.245,Daniel Cid,CleanBrowsing v1.4a - dns-edge-usa-east-newyork
185.228.168.151,Daniel Cid,CleanBrowsing v1.4a - dns-edge-usa-west-seattle
185.228.168.123,Daniel Cid,CleanBrowsing v1.4a - dns-edge-usa-east-newyork
185.228.168.137,Daniel Cid,CleanBrowsing v1.4a - dns-edge-usa-west-seattle
185.228.168.169,Daniel Cid,CleanBrowsing v1.4a - dns-edge-usa-west-seattle
185.228.168.205,Daniel Cid,CleanBrowsing v1.4a - dns-edge-usa-west-seattle
185.228.169.240,Daniel Cid,CleanBrowsing v1.4a - dns-edge2-usa-east-ny
185.228.169.31,Daniel Cid,CleanBrowsing v1.4a - dns-edge2-usa-east-ny
185.228.169.252,Daniel Cid,CleanBrowsing v1.4a - dns-edge2-usa-east-ny
185.228.168.55,Daniel Cid,CleanBrowsing v1.4a - dns-edge-usa-west-seattle
185.228.168.46,Daniel Cid,CleanBrowsing v1.4a - dns-edge-usa-west-seattle
185.228.168.74,Daniel Cid,CleanBrowsing v1.4a - dns-edge-usa-west-seattle
46.227.200.55,Faelix Limited,PowerDNS Recursor 4.0.9 (built Nov  6 2018 17:03:40 by root@7957fdeb1062)
185.228.168.82,Daniel Cid,CleanBrowsing v1.4a - dns-edge-usa-east-newyork
45.56.77.220,"Linode, LLC",9.11.2-P1
185.228.169.1,Daniel Cid,CleanBrowsing v1.4a - dns-edge2-usa-east-ny
185.228.168.49,Daniel Cid,CleanBrowsing v1.4a - dns-edge-usa-west-seattle
12.159.2.159,AT&T Services,[Secured]
35.230.127.115,Google Cloud,dnsmasq-pi-hole-2.79
185.228.169.170,Daniel Cid,CleanBrowsing v1.4a - dns-edge2-usa-east-ny
185.228.169.168,Daniel Cid,CleanBrowsing v1.4a - dns-edge2-usa-east-ny
70.32.24.68,A2 Hosting,dnsmasq-pi-hole-2.79
209.95.58.91,SoftLayer Technologies,9.10.3-P4-Debian
78.46.254.207,Hetzner Online GmbH,https://SmartDNS.Rocks
185.228.169.165,Daniel Cid,CleanBrowsing v1.4a - dns-edge2-usa-east-ny
94.126.178.9,Solido Networks ApS,9.11.4-P2+dampening
45.76.64.205,"Choopa, LLC",PowerDNS Authoritative Server 4.1.3 (built May 24 2018 12:54:13 by root@cebf8df1a8ce)
192.162.100.241,NTX,9.10.3-P4-Debian
46.227.203.54,Faelix Limited,PowerDNS Recursor 4.0.9 (built Nov  6 2018 17:03:40 by root@7957fdeb1062)
185.228.169.55,Daniel Cid,CleanBrowsing v1.4a - dns-edge2-usa-east-ny
185.228.169.227,Daniel Cid,CleanBrowsing v1.4a - dns-edge2-usa-east-ny
185.228.168.172,Daniel Cid,CleanBrowsing v1.4a - dns-edge-usa-west-seattle
193.0.200.40,NTX,9.10.3-P4-Debian
185.228.169.141,Daniel Cid,CleanBrowsing v1.4a - dns-edge2-usa-east-ny
91.239.96.35,Zavod za IPv6 - go6,unbound 1.7.3
185.228.169.126,Daniel Cid,CleanBrowsing v1.4a - dns-edge2-usa-east-ny
185.228.168.70,Daniel Cid,CleanBrowsing v1.4a - dns-edge-usa-west-seattle
185.228.169.221,Daniel Cid,CleanBrowsing v1.4a - dns-edge2-usa-east-ny
185.228.168.116,Daniel Cid,CleanBrowsing v1.4a - dns-edge-usa-east-newyork
185.228.168.171,Daniel Cid,CleanBrowsing v1.4a - dns-edge-usa-east-newyork
185.228.169.79,Daniel Cid,CleanBrowsing v1.4a - dns-edge2-usa-east-ny
210.128.97.84,Internet Initiative Japan,unbound
80.255.7.114,Core-Backbone GmbH,9.10.3-P4-Debian
203.180.146.216,Internet Initiative Japan,unbound
185.228.169.220,Daniel Cid,CleanBrowsing v1.4a - dns-edge2-usa-east-ny
185.228.168.35,Daniel Cid,CleanBrowsing v1.4a - dns-edge-usa-west-seattle
185.228.168.107,Daniel Cid,CleanBrowsing v1.4a - dns-edge-usa-west-seattle
95.211.199.144,LeaseWeb Netherlands B.V.,9.10.3-P4-Debian
185.228.169.249,Daniel Cid,CleanBrowsing v1.4a - dns-edge2-usa-east-ny
210.128.97.86,Internet Initiative Japan,unbound
185.228.168.121,Daniel Cid,CleanBrowsing v1.4a - dns-edge-usa-west-seattle
210.128.97.83,Internet Initiative Japan,unbound
46.4.229.123,Hetzner Online GmbH,myDNS
185.228.169.133,Daniel Cid,CleanBrowsing v1.4a - dns-edge2-usa-east-ny
185.228.169.244,Daniel Cid,CleanBrowsing v1.4a - dns-edge2-usa-east-ny
213.162.232.67,Jakob Hatteland Solutions,TLS OK
185.242.4.195,M247 LTD Tokyo Infrastructure,PowerDNS Authoritative Server 4.1.4 (built Aug 29 2018 14:08:38 by root@7d1469b19fba)
82.221.105.61,Advania Island ehf,9.10.3-P4-Debian
185.228.168.67,Daniel Cid,CleanBrowsing v1.4a - dns-edge-usa-west-seattle
185.228.169.237,Daniel Cid,CleanBrowsing v1.4a - dns-edge2-usa-east-ny
185.228.168.56,Daniel Cid,CleanBrowsing v1.4a - dns-edge-usa-east-newyork
185.228.168.227,Daniel Cid,CleanBrowsing v1.4a - dns-edge-usa-west-seattle
185.228.168.162,Daniel Cid,CleanBrowsing v1.4a - dns-edge-usa-west-seattle
119.201.77.54,Korea Telecom,9.11.3-1ubuntu1.3-Ubuntu
45.32.220.120,"Choopa, LLC",CleanBrowsing v1.4a - dns-edge-usa-east-atlanta
185.228.168.39,Daniel Cid,CleanBrowsing v1.4a - dns-edge-usa-east-newyork
185.228.168.28,Daniel Cid,CleanBrowsing v1.4a - dns-edge-usa-west-seattle
185.228.168.57,Daniel Cid,CleanBrowsing v1.4a - dns-edge-usa-west-seattle
185.228.169.21,Daniel Cid,CleanBrowsing v1.4a - dns-edge2-usa-east-ny
142.54.165.27,"DataShack, LC",CleanBrowsing v1.4a - dns-edge-usa-central-kansas
185.228.169.182,Daniel Cid,CleanBrowsing v1.4a - dns-edge2-usa-east-ny
185.228.169.85,Daniel Cid,CleanBrowsing v1.4a - dns-edge2-usa-east-ny
185.228.169.119,Daniel Cid,CleanBrowsing v1.4a - dns-edge2-usa-east-ny
170.81.42.58,Ferenz Networks,CleanBrowsing v1.4a - dns-edge-southamerica-brazil-sc
80.81.248.51,Speedbone Internet & Connectivity GmbH,PowerDNS Authoritative Server 4.0.3
185.228.169.117,Daniel Cid,CleanBrowsing v1.4a - dns-edge2-usa-east-ny
159.69.22.107,Hetzner Online GmbH,dnsmasq-pi-hole-2.79
149.28.98.252,"Choopa, LLC",CleanBrowsing v1.4a - dns-edge-usa-east-miami
185.228.169.132,Daniel Cid,CleanBrowsing v1.4a - dns-edge2-usa-east-ny
185.228.169.92,Daniel Cid,CleanBrowsing v1.4a - dns-edge2-usa-east-ny
185.228.168.217,Daniel Cid,CleanBrowsing v1.4a - dns-edge-usa-west-seattle
9.9.9.9,Quad9,Q9-P-5.1
185.228.169.189,Daniel Cid,CleanBrowsing v1.4a - dns-edge2-usa-east-ny
80.255.7.82,Core-Backbone GmbH,9.10.3-P4-Debian
185.228.168.20,Daniel Cid,CleanBrowsing v1.4a - dns-edge-usa-east-newyork
203.180.146.215,Internet Initiative Japan,unbound
185.228.168.23,Daniel Cid,CleanBrowsing v1.4a - dns-edge-usa-west-seattle
185.228.168.190,Daniel Cid,CleanBrowsing v1.4a - dns-edge-usa-west-seattle
185.228.169.98,Daniel Cid,CleanBrowsing v1.4a - dns-edge2-usa-east-ny
184.105.193.78,Hurricane Electric,unbound 1.7.0
178.255.148.174,Blix Group As,9.10.3-P4-Debian
185.228.169.40,Daniel Cid,CleanBrowsing v1.4a - dns-edge2-usa-east-ny
176.10.116.172,Datasource AG,9.10.3-P4-Debian
210.128.97.214,Internet Initiative Japan,unbound
31.204.150.106,Interactive 3D,9.10.3-P4-Debian
2.51.54.8,Emirates Telecommunications Corporation,BIND
149.248.50.82,"Choopa, LLC",CleanBrowsing v1.4a - dns-edge-canada-toronto
185.228.169.197,Daniel Cid,CleanBrowsing v1.4a - dns-edge2-usa-east-ny
185.228.168.45,Daniel Cid,CleanBrowsing v1.4a - dns-edge-usa-west-seattle
185.228.168.187,Daniel Cid,CleanBrowsing v1.4a - dns-edge-usa-east-newyork
210.128.97.221,Internet Initiative Japan,unbound
185.228.168.76,Daniel Cid,CleanBrowsing v1.4a - dns-edge-usa-west-seattle
185.228.168.92,Daniel Cid,CleanBrowsing v1.4a - dns-edge-usa-west-seattle
185.228.168.206,Daniel Cid,CleanBrowsing v1.4a - dns-edge-usa-east-newyork
82.221.105.80,Advania Island ehf,9.10.3-P4-Debian
185.228.169.30,Daniel Cid,CleanBrowsing v1.4a - dns-edge2-usa-east-ny
185.228.168.231,Daniel Cid,CleanBrowsing v1.4a - dns-edge-usa-west-seattle
209.183.228.221,Atlantech Online,9.11.3
92.222.210.119,OVH SAS,9.10.3-P4-Debian
139.59.32.165,Digital Ocean,9.8.2rc1-RedHat-9.8.2-0.62.rc1.el6_9.4
62.76.76.62,Autonomous Nonprofit Organisation Russian Scientif,Bind. James Bind.
66.42.55.158,"Choopa, LLC",CleanBrowsing v1.4a - dns-edge-asia-singapore
185.228.168.191,Daniel Cid,CleanBrowsing v1.4a - dns-edge-usa-west-seattle
149.112.112.112,Quad9,Q9-U-5.1
35.232.151.220,Google Cloud,unbound 1.6.7
185.228.168.148,Daniel Cid,CleanBrowsing v1.4a - dns-edge-usa-west-seattle
185.228.168.250,Daniel Cid,CleanBrowsing v1.4a - dns-edge-usa-east-newyork
185.228.169.61,Daniel Cid,CleanBrowsing v1.4a - dns-edge2-usa-east-ny
185.228.169.232,Daniel Cid,CleanBrowsing v1.4a - dns-edge2-usa-east-ny
178.162.194.30,Leaseweb Deutschland GmbH,9.10.3-P4-Debian
80.255.7.78,Core-Backbone GmbH,9.10.3-P4-Debian
185.49.141.37,Stichting NLnet Labs,unbound 1.6.8
185.228.169.65,Daniel Cid,CleanBrowsing v1.4a - dns-edge2-usa-east-ny
185.228.168.63,Daniel Cid,CleanBrowsing v1.4a - dns-edge-usa-west-seattle
149.56.153.190,OVH SAS,9.10.3-P4-Debian
185.228.168.224,Daniel Cid,CleanBrowsing v1.4a - dns-edge-usa-east-newyork
185.228.168.188,Daniel Cid,CleanBrowsing v1.4a - dns-edge-usa-west-seattle
185.49.141.38,Stichting NLnet Labs,unbound 1.6.8
185.228.168.102,Daniel Cid,CleanBrowsing v1.4a - dns-edge-usa-west-seattle
51.68.102.98,OVH Hosting,Microsoft DNS 6.1.7601 (1DB15CD4)
80.255.7.126,Core-Backbone GmbH,9.10.3-P4-Debian
185.228.168.108,Daniel Cid,CleanBrowsing v1.4a - dns-edge-usa-west-seattle
185.228.168.125,Daniel Cid,CleanBrowsing v1.4a - dns-edge-usa-west-seattle
185.228.169.7,Daniel Cid,CleanBrowsing v1.4a - dns-edge2-usa-east-ny
185.228.168.249,Daniel Cid,CleanBrowsing v1.4a - dns-edge-usa-west-seattle
185.228.168.110,Daniel Cid,CleanBrowsing v1.4a - dns-edge-usa-west-seattle
185.228.169.58,Daniel Cid,CleanBrowsing v1.4a - dns-edge2-usa-east-ny
185.228.168.197,Daniel Cid,CleanBrowsing v1.4a - dns-edge-usa-west-seattle
145.100.185.16,SURFnet,9.12.2-P1
185.228.169.54,Daniel Cid,CleanBrowsing v1.4a - dns-edge2-usa-east-ny
104.237.157.4,Linode,9.12.2
109.190.7.236,OVH Telecom,NULL
185.228.168.174,Daniel Cid,CleanBrowsing v1.4a - dns-edge-usa-east-newyork
185.228.169.187,Daniel Cid,CleanBrowsing v1.4a - dns-edge2-usa-east-ny
185.228.169.231,Daniel Cid,CleanBrowsing v1.4a - dns-edge2-usa-east-ny
149.112.112.9,Quad9,Q9-P-5.1
185.228.168.195,Daniel Cid,CleanBrowsing v1.4a - dns-edge-usa-west-seattle
185.228.169.245,Daniel Cid,CleanBrowsing v1.4a - dns-edge2-usa-east-ny
149.28.67.19,"Choopa, LLC",NSD
5.9.175.238,Hetzner Online GmbH,9.10.3-P4-Debian
144.202.108.20,"Choopa, LLC",CleanBrowsing v1.4a - dns-edge-usa-west-sv
109.190.229.150,OVH Telecom,Knot DNS 2.7.5
94.242.243.66,root SA,9.10.3-P4-Debian
210.128.97.90,Internet Initiative Japan,unbound
37.48.94.1,LeaseWeb Netherlands B.V.,9.10.3-P4-Debian
185.228.169.217,Daniel Cid,CleanBrowsing v1.4a - dns-edge2-usa-east-ny
185.228.168.216,Daniel Cid,CleanBrowsing v1.4a - dns-edge-usa-west-seattle
185.228.169.146,Daniel Cid,CleanBrowsing v1.4a - dns-edge2-usa-east-ny
62.76.62.76,Autonomous Nonprofit Organisation Russian Scientif,Bind. James Bind.
185.228.169.200,Daniel Cid,CleanBrowsing v1.4a - dns-edge2-usa-east-ny
69.166.188.113,Clarksville Department Of Electricity,unbound 1.8.3
185.228.169.235,Daniel Cid,CleanBrowsing v1.4a - dns-edge2-usa-east-ny
185.228.168.211,Daniel Cid,CleanBrowsing v1.4a - dns-edge-usa-west-seattle
185.228.168.243,Daniel Cid,CleanBrowsing v1.4a - dns-edge-usa-west-seattle
178.63.78.20,Hetzner Online GmbH,myDNS
185.228.168.196,Daniel Cid,CleanBrowsing v1.4a - dns-edge-usa-west-seattle
185.65.205.18,CityNet Telekom Ltd.,9.10.3-P4-Debian
185.228.168.31,Daniel Cid,CleanBrowsing v1.4a - dns-edge-usa-west-seattle
185.228.169.195,Daniel Cid,CleanBrowsing v1.4a - dns-edge2-usa-east-ny
185.228.168.5,Daniel Cid,CleanBrowsing v1.4a - dns-edge-usa-west-seattle
185.228.168.59,Daniel Cid,CleanBrowsing v1.4a - dns-edge-usa-west-seattle
77.55.125.10,Anycast based services,PowerDNS Authoritative Server 4.1.3 (built May 24 2018 12:54:13 by root@cebf8df1a8ce)
63.97.233.5,Verizon Business,9.11.4-P2-RedHat-9.11.4-10.P2.fc29
64.229.116.171,Bell Canada,NSD
185.228.169.199,Daniel Cid,CleanBrowsing v1.4a - dns-edge2-usa-east-ny
210.128.97.216,Internet Initiative Japan,unbound
185.228.169.91,Daniel Cid,CleanBrowsing v1.4a - dns-edge2-usa-east-ny
185.228.168.0,Daniel Cid,CleanBrowsing v1.4a - dns-edge-usa-west-seattle
80.255.7.66,Core-Backbone GmbH,9.10.3-P4-Debian
185.228.169.68,Daniel Cid,CleanBrowsing v1.4a - dns-edge2-usa-east-ny
178.162.209.143,Leaseweb Deutschland GmbH,9.10.3-P4-Debian
178.32.220.178,OVH SAS,unbound 1.8.1
185.228.168.86,Daniel Cid,CleanBrowsing v1.4a - dns-edge-usa-west-seattle
216.98.99.109,IIJ America,unbound
185.228.169.3,Daniel Cid,CleanBrowsing v1.4a - dns-edge2-usa-east-ny
185.228.169.90,Daniel Cid,CleanBrowsing v1.4a - dns-edge2-usa-east-ny
185.228.168.115,Daniel Cid,CleanBrowsing v1.4a - dns-edge-usa-west-seattle
116.203.3.116,Hetzner Online GmbH,https://SmartDNS.Rocks
185.228.169.112,Daniel Cid,CleanBrowsing v1.4a - dns-edge2-usa-east-ny
185.228.168.24,Daniel Cid,CleanBrowsing v1.4a - dns-edge-usa-east-newyork
40.113.136.159,Microsoft Azure,dnsmasq-pi-hole-2.79
91.191.170.42,Netdirekt A.S.,NSD
84.16.241.82,Leaseweb Deutschland GmbH,9.11.5-P1-1~bpo9+1-Debian
96.9.249.46,Nexeon Technologies,9.10.3-P4-Debian
185.228.169.198,Daniel Cid,CleanBrowsing v1.4a - dns-edge2-usa-east-ny
185.228.168.54,Daniel Cid,CleanBrowsing v1.4a - dns-edge-usa-west-seattle
95.211.95.244,LeaseWeb Netherlands B.V.,9.10.3-P4-Debian
194.68.170.62,Resilans AB,9.10.3-P4-Debian
209.183.228.220,Atlantech Online,9.11.3
185.228.168.237,Daniel Cid,CleanBrowsing v1.4a - dns-edge-usa-east-newyork
185.228.168.73,Daniel Cid,CleanBrowsing v1.4a - dns-edge-usa-west-seattle
103.205.140.168,INFUSION 360,CleanBrowsing v1.4a - dns-edge-asia-india-pune.cleanbrowsing.org
185.228.169.11,Daniel Cid,CleanBrowsing v1.4a - dns-edge2-usa-east-ny
216.98.99.107,IIJ America,unbound
185.228.169.134,Daniel Cid,CleanBrowsing v1.4a - dns-edge2-usa-east-ny
185.228.168.124,Daniel Cid,CleanBrowsing v1.4a - dns-edge-usa-west-seattle
31.204.153.210,Interactive 3D,9.10.3-P4-Debian
185.228.169.222,Daniel Cid,CleanBrowsing v1.4a - dns-edge2-usa-east-ny
185.228.168.215,Daniel Cid,CleanBrowsing v1.4a - dns-edge-usa-west-seattle
185.228.169.60,Daniel Cid,CleanBrowsing v1.4a - dns-edge2-usa-east-ny
195.201.46.46,Hetzner Online GmbH,named
185.228.169.110,Daniel Cid,CleanBrowsing v1.4a - dns-edge2-usa-east-ny
185.228.168.111,Daniel Cid,CleanBrowsing v1.4a - dns-edge-usa-west-seattle
203.180.146.221,Internet Initiative Japan,unbound
185.228.168.213,Daniel Cid,CleanBrowsing v1.4a - dns-edge-usa-west-seattle
185.228.168.68,Daniel Cid,CleanBrowsing v1.4a - dns-edge-usa-east-newyork
31.204.153.106,Interactive 3D,9.10.3-P4-Debian
185.228.169.93,Daniel Cid,CleanBrowsing v1.4a - dns-edge2-usa-east-ny
185.228.169.96,Daniel Cid,CleanBrowsing v1.4a - dns-edge2-usa-east-ny
5.79.98.56,LeaseWeb Netherlands B.V.,9.10.3-P4-Debian
185.228.168.7,Daniel Cid,CleanBrowsing v1.4a - dns-edge-usa-east-newyork
104.236.178.232,Digital Ocean,9.9.4-RedHat-9.9.4-61.el7_5.1
185.228.169.196,Daniel Cid,CleanBrowsing v1.4a - dns-edge2-usa-east-ny
185.228.169.157,Daniel Cid,CleanBrowsing v1.4a - dns-edge2-usa-east-ny
195.138.249.2,Core-Backbone GmbH,9.10.3-P4-Debian
185.228.169.185,Daniel Cid,CleanBrowsing v1.4a - dns-edge2-usa-east-ny
185.228.169.243,Daniel Cid,CleanBrowsing v1.4a - dns-edge2-usa-east-ny
195.83.194.82,Renater,SECRET
185.228.168.113,Daniel Cid,CleanBrowsing v1.4a - dns-edge-usa-east-newyork
185.228.169.148,Daniel Cid,CleanBrowsing v1.4a - dns-edge2-usa-east-ny
185.228.168.38,Daniel Cid,CleanBrowsing v1.4a - dns-edge-usa-west-seattle
185.228.169.163,Daniel Cid,CleanBrowsing v1.4a - dns-edge2-usa-east-ny
185.228.168.238,Daniel Cid,CleanBrowsing v1.4a - dns-edge-usa-west-seattle
45.76.58.192,"Choopa, LLC",CleanBrowsing v1.4a - dns-edge-usa-central-dallas
185.228.169.188,Daniel Cid,CleanBrowsing v1.4a - dns-edge2-usa-east-ny
210.128.97.215,Internet Initiative Japan,unbound
185.228.168.62,Daniel Cid,CleanBrowsing v1.4a - dns-edge-usa-west-seattle
185.228.169.102,Daniel Cid,CleanBrowsing v1.4a - dns-edge2-usa-east-ny
185.228.169.136,Daniel Cid,CleanBrowsing v1.4a - dns-edge2-usa-east-ny
185.228.168.157,Daniel Cid,CleanBrowsing v1.4a - dns-edge-usa-west-seattle
185.228.169.17,Daniel Cid,CleanBrowsing v1.4a - dns-edge2-usa-east-ny
210.128.97.220,Internet Initiative Japan,unbound
185.228.168.253,Daniel Cid,CleanBrowsing v1.4a - dns-edge-usa-west-seattle
130.59.31.248,Switch,contact dns-operation@switch.ch
185.228.168.150,Daniel Cid,CleanBrowsing v1.4a - dns-edge-usa-west-seattle
91.121.93.85,OVH SAS,42
178.254.25.94,EVANZO e-commerce GmbH,unbound 1.6.0
47.99.218.139,"Hangzhou Alibaba Advertising Co.,Ltd.",10010
185.197.30.63,hosthatch.com,unbound 1.6.7
185.228.168.182,Daniel Cid,CleanBrowsing v1.4a - dns-edge-usa-east-newyork
185.228.168.178,Daniel Cid,CleanBrowsing v1.4a - dns-edge-usa-west-seattle
185.228.169.229,Daniel Cid,CleanBrowsing v1.4a - dns-edge2-usa-east-ny
195.54.209.159,Cronyx Plus Ltd.,unbound 1.8.1
185.228.169.162,Daniel Cid,CleanBrowsing v1.4a - dns-edge2-usa-east-ny
203.180.146.220,Internet Initiative Japan,unbound
95.211.146.77,LeaseWeb Netherlands B.V.,9.10.3-P4-Debian
185.228.168.40,Daniel Cid,CleanBrowsing v1.4a - dns-edge-usa-west-seattle
185.228.169.254,Daniel Cid,CleanBrowsing v1.4a - dns-edge2-usa-east-ny
185.228.169.155,Daniel Cid,CleanBrowsing v1.4a - dns-edge2-usa-east-ny
185.228.168.69,Daniel Cid,CleanBrowsing v1.4a - dns-edge-usa-east-newyork
185.228.169.15,Daniel Cid,CleanBrowsing v1.4a - dns-edge2-usa-east-ny
185.228.168.2,Daniel Cid,CleanBrowsing v1.4a - dns-edge-usa-west-seattle
185.228.169.16,Daniel Cid,CleanBrowsing v1.4a - dns-edge2-usa-east-ny
193.30.122.225,netcup GmbH,unbound 1.8.3
185.228.168.29,Daniel Cid,CleanBrowsing v1.4a - dns-edge-usa-west-seattle
185.228.169.207,Daniel Cid,CleanBrowsing v1.4a - dns-edge2-usa-east-ny
185.228.168.25,Daniel Cid,CleanBrowsing v1.4a - dns-edge-usa-west-seattle
185.228.169.56,Daniel Cid,CleanBrowsing v1.4a - dns-edge2-usa-east-ny
95.158.192.156,Rostelecom,Q9-P-5.1
195.201.17.214,Hetzner Online GmbH,PowerDNS Recursor 4.1.8 (built Nov 27 2018 14:28:53 by buildozer@build-edge-x86_64)
185.228.168.106,Daniel Cid,CleanBrowsing v1.4a - dns-edge-usa-west-seattle
185.228.168.100,Daniel Cid,CleanBrowsing v1.4a - dns-edge-usa-east-newyork
193.158.68.155,Deutsche Telekom AG,unknown
185.228.168.129,Daniel Cid,CleanBrowsing v1.4a - dns-edge-usa-west-seattle
185.228.169.14,Daniel Cid,CleanBrowsing v1.4a - dns-edge2-usa-east-ny
185.228.168.80,Daniel Cid,CleanBrowsing v1.4a - dns-edge-usa-east-newyork
185.228.169.47,Daniel Cid,CleanBrowsing v1.4a - dns-edge2-usa-east-ny
185.228.169.184,Daniel Cid,CleanBrowsing v1.4a - dns-edge2-usa-east-ny
185.228.168.12,Daniel Cid,CleanBrowsing v1.4a - dns-edge-usa-west-seattle
94.242.243.94,root SA,9.10.3-P4-Debian
185.228.169.158,Daniel Cid,CleanBrowsing v1.4a - dns-edge2-usa-east-ny
185.228.168.27,Daniel Cid,CleanBrowsing v1.4a - dns-edge-usa-west-seattle
185.228.168.52,Daniel Cid,CleanBrowsing v1.4a - dns-edge-usa-east-newyork
194.226.65.220,Russian Institute for Public Networks,9.11.4-P2
185.228.168.117,Daniel Cid,CleanBrowsing v1.4a - dns-edge-usa-west-seattle
185.228.168.214,Daniel Cid,CleanBrowsing v1.4a - dns-edge-usa-west-seattle
185.228.168.65,Daniel Cid,CleanBrowsing v1.4a - dns-edge-usa-west-seattle
185.228.168.93,Daniel Cid,CleanBrowsing v1.4a - dns-edge-usa-west-seattle
185.228.169.180,Daniel Cid,CleanBrowsing v1.4a - dns-edge2-usa-east-ny
185.183.159.34,netcup GmbH,myDNS
192.73.242.212,"Host Virtual, Inc",9.11.4-P2-RedHat-9.11.4-10.P2.fc29
85.17.64.131,LeaseWeb Netherlands B.V.,9.10.3-P4-Debian
185.228.169.144,Daniel Cid,CleanBrowsing v1.4a - dns-edge2-usa-east-ny
139.59.51.46,Digital Ocean,9.8.2rc1-RedHat-9.8.2-0.62.rc1.el6_9.4
199.247.22.21,Vultr Holdings LLC Frankfurt,CleanBrowsing v1.4a - dns-edge-europe-frankfurt
145.100.185.18,SURFnet,9.12.1-P2
46.4.229.121,Hetzner Online GmbH,myDNS
185.228.168.16,Daniel Cid,CleanBrowsing v1.4a - dns-edge-usa-west-seattle
185.228.168.219,Daniel Cid,CleanBrowsing v1.4a - dns-edge-usa-west-seattle
31.204.150.153,Interactive 3D,9.10.3-P4-Debian
185.228.168.132,Daniel Cid,CleanBrowsing v1.4a - dns-edge-usa-west-seattle
185.228.169.130,Daniel Cid,CleanBrowsing v1.4a - dns-edge2-usa-east-ny
188.40.91.196,Hetzner Online GmbH,KLINGON DNS Gowron 9.10
209.58.188.147,LeaseWeb Asia Pacific - Hong Kong,9.10.3-P4-Debian
185.228.169.236,Daniel Cid,CleanBrowsing v1.4a - dns-edge2-usa-east-ny
37.252.185.144,IPAX OG,A simple DNS
185.228.168.114,Daniel Cid,CleanBrowsing v1.4a - dns-edge-usa-west-seattle
83.209.233.111,A3 Allmanna IT - och Telekomaktiebolaget (publ) AB,none
185.228.168.241,Daniel Cid,CleanBrowsing v1.4a - dns-edge-usa-west-seattle
185.228.169.104,Daniel Cid,CleanBrowsing v1.4a - dns-edge2-usa-east-ny
91.205.187.186,Blix Group As,9.10.3-P4-Debian
185.56.24.52,CSTI SA,NOYB
185.228.168.198,Daniel Cid,CleanBrowsing v1.4a - dns-edge-usa-east-newyork
141.40.9.211,Leibniz-Rechenzentrum (LRZ),9.10.3-P4-Debian
146.185.167.43,Digital Ocean,9.13.5-W1
80.255.7.110,Core-Backbone GmbH,9.10.3-P4-Debian
185.228.168.66,Daniel Cid,CleanBrowsing v1.4a - dns-edge-usa-west-seattle
188.40.69.73,Hetzner Online GmbH,unknown
185.228.168.95,Daniel Cid,CleanBrowsing v1.4a - dns-edge-usa-west-seattle
185.228.168.89,Daniel Cid,CleanBrowsing v1.4a - dns-edge-usa-west-seattle
46.227.202.54,Faelix Limited,PowerDNS Recursor 4.0.9 (built Nov  6 2018 17:03:40 by root@7957fdeb1062)
104.237.193.26,Nexeon Technologies,9.10.3-P4-Debian
185.228.168.222,Daniel Cid,CleanBrowsing v1.4a - dns-edge-usa-west-seattle
185.228.168.199,Daniel Cid,CleanBrowsing v1.4a - dns-edge-usa-west-seattle
185.228.168.154,Daniel Cid,CleanBrowsing v1.4a - dns-edge-usa-west-seattle
185.228.168.142,Daniel Cid,CleanBrowsing v1.4a - dns-edge-usa-east-newyork
185.228.169.100,Daniel Cid,CleanBrowsing v1.4a - dns-edge2-usa-east-ny
185.228.169.73,Daniel Cid,CleanBrowsing v1.4a - dns-edge2-usa-east-ny
185.152.32.78,Blix Group As,9.10.3-P4-Debian
77.55.127.10,Anycast based services,PowerDNS Authoritative Server 4.1.4 (built Aug 29 2018 14:08:38 by root@7d1469b19fba)
185.228.168.153,Daniel Cid,CleanBrowsing v1.4a - dns-edge-usa-west-seattle
185.18.205.126,Interhost Communication Solutions Ltd.,9.10.3-P4-Debian
185.228.169.63,Daniel Cid,CleanBrowsing v1.4a - dns-edge2-usa-east-ny
195.122.10.93,SIA Lattelecom,9.9.5-9+deb8u16-Debian
81.95.5.45,Core-Backbone GmbH,9.10.3-P4-Debian
108.61.251.41,"Choopa, LLC",CleanBrowsing v1.4a - dns-edge-australia-sydney
168.1.112.72,Midphase,9.10.3-P4-Debian
185.218.192.133,Empor Oy,dnsmasq-pi-hole-2.79
185.228.169.139,Daniel Cid,CleanBrowsing v1.4a - dns-edge2-usa-east-ny
185.228.168.91,Daniel Cid,CleanBrowsing v1.4a - dns-edge-usa-west-seattle
173.16.87.90,Mediacom Cable,dnsmasq-pi-hole-2.79
104.236.116.148,Digital Ocean,9.11.3-1ubuntu1.3-Ubuntu
185.228.168.207,Daniel Cid,CleanBrowsing v1.4a - dns-edge-usa-west-seattle
185.228.169.89,Daniel Cid,CleanBrowsing v1.4a - dns-edge2-usa-east-ny
185.228.169.5,Daniel Cid,CleanBrowsing v1.4a - dns-edge2-usa-east-ny
9.9.9.10,Quad9,Q9-P-5.1
178.63.78.56,Hetzner Online GmbH,myDNS
185.228.169.127,Daniel Cid,CleanBrowsing v1.4a - dns-edge2-usa-east-ny
83.160.126.160,Xs4all Internet BV,PowerDNS Authoritative Server 4.2.0-alpha1 (built Jan 10 2019 01:53:49 by root@freebsd_12x64-system-job-05)
185.228.168.6,Daniel Cid,CleanBrowsing v1.4a - dns-edge-usa-west-seattle
185.228.169.103,Daniel Cid,CleanBrowsing v1.4a - dns-edge2-usa-east-ny
193.0.200.97,NTX,9.10.3-P4-Debian
185.228.168.141,Daniel Cid,CleanBrowsing v1.4a - dns-edge-usa-west-seattle
185.228.168.122,Daniel Cid,CleanBrowsing v1.4a - dns-edge-usa-west-seattle
78.46.210.40,Hetzner Online GmbH,named
185.228.169.123,Daniel Cid,CleanBrowsing v1.4a - dns-edge2-usa-east-ny
195.182.0.68,PAT Myronivsky Hliboproduct,9.9.5-9+deb8u16-Debian
185.228.169.190,Daniel Cid,CleanBrowsing v1.4a - dns-edge2-usa-east-ny
78.158.0.2,Lt-consiliumoptimum,9.12.2-P2
37.58.58.239,Leaseweb Deutschland GmbH Cloudstack Premium,9.10.3-P4-Debian
185.228.168.64,Daniel Cid,CleanBrowsing v1.4a - dns-edge-usa-west-seattle
138.128.136.170,i3D.net B.V. IP space,9.10.3-P4-Debian
212.83.129.136,ONLINE SAS,9.12.2-P2
185.228.169.172,Daniel Cid,CleanBrowsing v1.4a - dns-edge2-usa-east-ny
195.138.249.14,Core-Backbone GmbH,9.10.3-P4-Debian
185.228.169.192,Daniel Cid,CleanBrowsing v1.4a - dns-edge2-usa-east-ny
5.135.143.84,OVH SAS,9.10.3-P4-Debian
185.228.169.77,Daniel Cid,CleanBrowsing v1.4a - dns-edge2-usa-east-ny
185.228.168.21,Daniel Cid,CleanBrowsing v1.4a - dns-edge-usa-east-newyork
185.228.169.121,Daniel Cid,CleanBrowsing v1.4a - dns-edge2-usa-east-ny
185.56.24.51,CSTI SA,NOYB
185.228.169.247,Daniel Cid,CleanBrowsing v1.4a - dns-edge2-usa-east-ny
147.75.108.175,Packet Host,CleanBrowsing v1.4a - dns-edge-usa-west-sunnyvale.cleanbrowsing.org
45.32.15.165,"Choopa, LLC",CleanBrowsing v1.4a - dns-edge-asia-tokyo
185.228.168.164,Daniel Cid,CleanBrowsing v1.4a - dns-edge-usa-east-newyork
130.59.31.251,Switch,contact dns-operation@switch.ch
185.228.169.106,Daniel Cid,CleanBrowsing v1.4a - dns-edge2-usa-east-ny
185.228.168.104,Daniel Cid,CleanBrowsing v1.4a - dns-edge-usa-west-seattle
45.63.64.129,"Choopa, LLC",CleanBrowsing v1.4a - dns-edge-usa-east-chicago
37.58.57.6,Leaseweb Deutschland GmbH Cloudstack Premium,9.10.3-P4-Debian
96.9.246.194,Nexeon Technologies,9.10.3-P4-Debian
162.245.206.250,i3D.net B.V,9.10.3-P4-Debian
82.64.72.122,Free SAS,NULL
185.228.169.154,Daniel Cid,CleanBrowsing v1.4a - dns-edge2-usa-east-ny
185.228.168.147,Daniel Cid,CleanBrowsing v1.4a - dns-edge-usa-west-seattle
185.228.169.164,Daniel Cid,CleanBrowsing v1.4a - dns-edge2-usa-east-ny
185.228.168.94,Daniel Cid,CleanBrowsing v1.4a - dns-edge-usa-east-newyork
185.228.169.49,Daniel Cid,CleanBrowsing v1.4a - dns-edge2-usa-east-ny
185.228.169.12,Daniel Cid,CleanBrowsing v1.4a - dns-edge2-usa-east-ny
185.228.169.64,Daniel Cid,CleanBrowsing v1.4a - dns-edge2-usa-east-ny
185.228.169.206,Daniel Cid,CleanBrowsing v1.4a - dns-edge2-usa-east-ny
185.228.168.58,Daniel Cid,CleanBrowsing v1.4a - dns-edge-usa-west-seattle
103.254.153.232,Leaseweb Asia,9.10.3-P4-Debian
185.228.169.205,Daniel Cid,CleanBrowsing v1.4a - dns-edge2-usa-east-ny
91.191.170.20,Netdirekt A.S.,cloudflare-f-root-20171003
185.228.169.137,Daniel Cid,CleanBrowsing v1.4a - dns-edge2-usa-east-ny
185.228.169.46,Daniel Cid,CleanBrowsing v1.4a - dns-edge2-usa-east-ny
185.152.32.66,Blix Group As,9.10.3-P4-Debian
185.228.169.203,Daniel Cid,CleanBrowsing v1.4a - dns-edge2-usa-east-ny
74.82.180.128,Take 2 Hosting,9.10.3-P4-Ubuntu
5.189.231.210,OOO Network of data-centers Selectel,PowerDNS Authoritative Server 4.1.4 (built Aug 29 2018 14:08:38 by root@7d1469b19fba)
92.43.104.66,Core-Backbone GmbH,9.10.3-P4-Debian
185.228.169.140,Daniel Cid,CleanBrowsing v1.4a - dns-edge2-usa-east-ny
185.228.168.83,Daniel Cid,CleanBrowsing v1.4a - dns-edge-usa-west-seattle
185.228.169.111,Daniel Cid,CleanBrowsing v1.4a - dns-edge2-usa-east-ny
185.228.169.213,Daniel Cid,CleanBrowsing v1.4a - dns-edge2-usa-east-ny
92.222.212.19,OVH SAS,9.10.3-P4-Debian
82.199.130.34,Core-Backbone GmbH,9.10.3-P4-Debian
193.170.194.26,ACONET,get lost named
101.251.250.182,China Unicom Beijing,unbound 1.8.3
185.228.168.246,Daniel Cid,CleanBrowsing v1.4a - dns-edge-usa-east-newyork
78.129.191.194,Iomart Hosting Limited,9.10.3-P4-Debian
149.112.112.10,Quad9,Q9-U-5.1
185.228.168.201,Daniel Cid,CleanBrowsing v1.4a - dns-edge-usa-west-seattle
91.121.119.194,OVH SAS,dnsmasq-pi-hole-2.79
185.228.168.19,Daniel Cid,CleanBrowsing v1.4a - dns-edge-usa-west-seattle
185.228.169.70,Daniel Cid,CleanBrowsing v1.4a - dns-edge2-usa-east-ny
85.17.28.145,LeaseWeb Netherlands B.V.,9.10.3-P4-Debian
185.228.168.120,Daniel Cid,CleanBrowsing v1.4a - dns-edge-usa-east-newyork
162.245.206.242,i3D.net B.V,9.10.3-P4-Debian
73.26.0.89,Comcast Cable,9.12.2-P2
188.21.75.154,Telekom Austria,unknown
210.128.97.213,Internet Initiative Japan,unbound
210.138.123.108,Internet Initiative Japan,unbound
185.228.168.8,Daniel Cid,CleanBrowsing v1.4a - dns-edge-usa-west-seattle
185.228.168.230,Daniel Cid,CleanBrowsing v1.4a - dns-edge-usa-west-seattle
185.228.168.200,Daniel Cid,CleanBrowsing v1.4a - dns-edge-usa-east-newyork
209.58.167.164,LeaseWeb Asia Pacific - Singapore,9.10.3-P4-Debian
185.41.240.30,Blix Group As,9.10.3-P4-Debian
